{
  "ToneSequencer.key": 0.043142430447474074,
  "ToneSequencer.count": 0.6993650702988282,
  "ToneSequencer.mux": 0.12806520791127507,
  "ToneSequencer.nrq1": 0.043142430447474074,
  "ToneSequencer.nrq2": 0.043142430447474074,
  "ToneSequencer.nrq3": 0.043142430447474074
}